Date,Ticker,OPEN,HIGH,LOW,CLOSE,ADJ_CLOSE
2022-01-03,XOM,61.24000168,63.59999847,61.20999908,63.54000092,62.84332275
2022-01-04,XOM,64.12999725,66.19000244,64.09999847,65.93000031,65.20711517
2022-01-05,XOM,66.5,67.61000061,66.48000336,66.75,66.01812744
2022-01-06,XOM,68,68.48000336,67.06999969,68.31999969,67.57091522
2022-01-07,XOM,68.51999664,69.18000031,67.98000336,68.87999725,68.12477112
2022-01-10,XOM,68.97000122,69.16999817,67.94999695,68.47000122,67.7192688
2022-01-11,XOM,68.88999939,71.40000153,68.58000183,71.34999847,70.56768799
2022-01-12,XOM,71.13999939,71.80999756,70.63999939,71.13999939,70.35999298
2022-01-13,XOM,71.12000275,71.58000183,70.30999756,70.62999725,69.85558319
2022-01-14,XOM,70.65000153,72.15000153,70.59999847,71.87000275,71.0819931
2022-01-18,XOM,72.81999969,73.87999725,72.01000214,73.08000183,72.27872467
2022-01-19,XOM,73.75,73.86000061,72.55000305,73.11000061,72.30839539
2022-01-20,XOM,72.5,74.37000275,72.26000214,73.26999664,72.46663666
2022-01-21,XOM,73.18000031,73.18000031,71.04000092,72.16999817,71.37870026
2022-01-24,XOM,70.87999725,73.08000183,69.80999756,72.79000092,71.99190521
2022-01-25,XOM,72.58999634,75.23999786,71.38999939,74.93000031,74.10843658
2022-01-26,XOM,75.43000031,76,73.48999786,74.16999817,73.35676575
2022-01-27,XOM,75.45999908,76.01000214,73.98999786,75.12000275,74.2963562
2022-01-28,XOM,74.97000122,75.62000275,73.94999695,75.27999878,74.45459747
2022-01-31,XOM,74.97000122,76.41999817,74.26999664,75.95999908,75.12714386
2022-02-01,XOM,76.44999695,81.51000214,76.26999664,80.83000183,79.94374847
2022-02-02,XOM,80.05999756,80.80999756,79.15000153,80.62000275,79.73605347
2022-02-03,XOM,80.08999634,80.30999756,79.01999664,79.68000031,78.80635834
2022-02-04,XOM,80.87000275,82.52999878,80.87000275,81.41000366,80.51739502
2022-02-07,XOM,81.13999939,83.08000183,80.63999939,82.38999939,81.48664093
2022-02-08,XOM,82.26999664,82.5,79.91999817,80.26000214,79.37999725
2022-02-09,XOM,79.58000183,80.02999878,78.70999908,79,79
2022-02-10,XOM,78.72000122,79.68000031,77.79000092,78.23999786,78.23999786
2022-02-11,XOM,78.62000275,80.31999969,78.23000336,80.20999908,80.20999908
2022-02-14,XOM,79.58000183,79.83999634,77.05000305,78.98000336,78.98000336
2022-02-15,XOM,76.90000153,78.19000244,76.41999817,77.98999786,77.98999786
2022-02-16,XOM,78.79000092,79.73000336,78.04000092,78.34999847,78.34999847
2022-02-17,XOM,78.48000336,79.12000275,77.94999695,78.23000336,78.23000336
2022-02-18,XOM,77.16000366,78.16999817,76.88999939,77.36000061,77.36000061
2022-02-22,XOM,79.66999817,79.79000092,75.30999756,76.45999908,76.45999908
2022-02-23,XOM,76.45999908,77.47000122,76.12999725,76.76999664,76.76999664
2022-02-24,XOM,79,79.02999878,74.02999878,75.80000305,75.80000305
2022-02-25,XOM,76.69000244,77.98999786,76.26000214,77.83999634,77.83999634
2022-02-28,XOM,76.51000214,78.93000031,76.19999695,78.41999817,78.41999817
2022-03-01,XOM,78.76999664,80.65000153,78.33000183,79.16999817,79.16999817
2022-03-02,XOM,80.59999847,82.15000153,79.81999969,80.52999878,80.52999878
2022-03-03,XOM,79.86000061,81.76999664,79.62999725,81.04000092,81.04000092
2022-03-04,XOM,81.05000305,84.27999878,80.66000366,84.08999634,84.08999634
2022-03-07,XOM,84.91999817,87.23000336,83.90000153,87.12000275,87.12000275
2022-03-08,XOM,89.05000305,91.51000214,85.43000031,87.77999878,87.77999878
2022-03-09,XOM,84.02999878,86.56999969,81.59999847,82.79000092,82.79000092
2022-03-10,XOM,84.01000214,85.68000031,82.90000153,85.36000061,85.36000061
2022-03-11,XOM,84.06999969,86.23000336,83.97000122,84.91999817,84.91999817
2022-03-14,XOM,83.05999756,83.44999695,80.5,81.87999725,81.87999725
2022-03-15,XOM,78.81999969,79.16999817,76.37000275,77.22000122,77.22000122
2022-03-16,XOM,77.80999756,78.62000275,76.25,76.93000031,76.93000031
2022-03-17,XOM,78.18000031,79.15000153,77.06999969,78.98000336,78.98000336
2022-03-18,XOM,79.05999756,79.38999939,78.09999847,78.66999817,78.66999817
2022-03-21,XOM,80.12000275,82.51999664,79.73999786,82.19999695,82.19999695
2022-03-22,XOM,81.62999725,82.19999695,80.79000092,81.83999634,81.83999634
2022-03-23,XOM,83.33999634,84.26999664,83.05000305,83.12999725,83.12999725
2022-03-24,XOM,83.45999908,84.65000153,82.75,83.37999725,83.37999725
2022-03-25,XOM,82.91999817,85.48999786,82.79000092,85.19999695,85.19999695
2022-03-28,XOM,83.16999817,83.30999756,82.01999664,82.80999756,82.80999756
2022-03-29,XOM,80.80999756,82.48999786,79.76000214,82.37000275,82.37000275
2022-03-30,XOM,83.05999756,84.01000214,82.70999908,83.77999878,83.77999878
2022-03-31,XOM,82.87000275,84.40000153,82.55000305,82.58999634,82.58999634
2022-01-03,CVX,117.4199982,119.6900024,117.2900009,119.2600021,118.0208893
2022-01-04,CVX,119.9499969,121.9800034,119.6600037,121.4300003,120.1683426
2022-01-05,CVX,122.2399979,123.8399963,122.0699997,122.2200012,120.9501343
2022-01-06,CVX,123.6200027,124.3199997,121.6399994,123.2600021,121.979332
2022-01-07,CVX,123.5500031,125.5400009,122.9499969,125.0299988,123.7309418
2022-01-10,CVX,125.1500015,125.6900024,123.8600006,125.1100006,123.810112
2022-01-11,CVX,125.8600006,128,124.8300018,127.9700012,126.6403961
2022-01-12,CVX,127.9899979,128.4299927,126.4700012,127.3300018,126.0070419
2022-01-13,CVX,127.1399994,128.1000061,126.4499969,126.8000031,125.4825516
2022-01-14,CVX,126.7600021,129.1999969,126.7600021,128.9600067,127.6201172
2022-01-18,CVX,129.6900024,130,127.8700027,129.3800049,128.0357513
2022-01-19,CVX,129.9499969,130.1499939,128.5399933,128.9100037,127.5706329
2022-01-20,CVX,128.2700043,130.8600006,127.8799973,128.4499969,127.1154022
2022-01-21,CVX,127.7600021,128.3999939,126.2300034,126.9100037,125.5914078
2022-01-24,CVX,124.4499969,127.7300034,122.8399963,127.1800003,125.8586044
2022-01-25,CVX,127.1200027,132.7400055,125.2699966,132.5899963,131.2123871
2022-01-26,CVX,132.8999939,134.7100067,131.5899963,132.6900024,131.3113556
2022-01-27,CVX,134.4499969,137,133.5899963,135.3699951,133.963501
2022-01-28,CVX,130,132.0599976,128.0700073,130.6100006,129.2529602
2022-01-31,CVX,130.1900024,131.8600006,129.3300018,131.3300018,129.9654846
2022-02-01,CVX,130.8300018,135.7400055,130.5099945,134.7899933,133.3895264
2022-02-02,CVX,134.3500061,135.8000031,132.8000031,135.4100037,134.0030975
2022-02-03,CVX,134.8500061,135.3500061,133.1900024,134.1999969,132.8056641
2022-02-04,CVX,135.0099945,137,135.0099945,135.8800049,134.4682159
2022-02-07,CVX,135.3399963,139.4299927,134.8300018,138.5500031,137.1104736
2022-02-08,CVX,138.1799927,138.4299927,135.0099945,136.4400024,135.0223999
2022-02-09,CVX,136.7200012,138.3399963,136.1000061,137.7899933,136.3583527
2022-02-10,CVX,137.5599976,138.7899933,135.3899994,136.0399933,134.6265411
2022-02-11,CVX,136.8600006,139.4400024,136.2799988,138.8099976,137.3677673
2022-02-14,CVX,137.9400024,138.0500031,135.0500031,136.6699982,135.25
2022-02-15,CVX,133.0800018,134.8399963,132.1799927,134.2599945,134.2599945
2022-02-16,CVX,134.9499969,136.1600037,133.7599945,134.3000031,134.3000031
2022-02-17,CVX,134.1699982,134.5800018,132.4499969,133.6100006,133.6100006
2022-02-18,CVX,132.8200073,133.9100037,132.0500031,133.4199982,133.4199982
2022-02-22,CVX,137,137,130.5200043,132.3999939,132.3999939
2022-02-23,CVX,132.9299927,136.0800018,132.5599976,135.5500031,135.5500031
2022-02-24,CVX,137.9299927,138.2299957,131.7200012,134.8500061,134.8500061
2022-02-25,CVX,135.9600067,140.5,135.4299927,140.3800049,140.3800049
2022-02-28,CVX,139.2700043,144,138.6499939,144,144
2022-03-01,CVX,145.0099945,149.9600067,144.6999969,149.7200012,149.7200012
2022-03-02,CVX,150.1999969,155.75,150.0500031,154.1399994,154.1399994
2022-03-03,CVX,152.2599945,157.1199951,151.75,156.2200012,156.2200012
2022-03-04,CVX,155.7899933,159.9499969,155.0899963,158.6499939,158.6499939
2022-03-07,CVX,159.8999939,162.1000061,155.7200012,162.0399933,162.0399933
2022-03-08,CVX,164.3099976,174,164.1000061,170.5299988,170.5299988
2022-03-09,CVX,162.7700043,169.7700043,161.2100067,166.2700043,166.2700043
2022-03-10,CVX,168.7400055,174.7599945,168.2899933,170.8200073,170.8200073
2022-03-11,CVX,165.8899994,172.9799957,165.8800049,170.8999939,170.8999939
2022-03-14,CVX,166.2100067,168.3500061,164.3000031,166.7200012,166.7200012
2022-03-15,CVX,159.1100006,160.1900024,155.2599945,158.2799988,158.2799988
2022-03-16,CVX,158.7899933,160.5,156.2100067,157.7100067,157.7100067
2022-03-17,CVX,159.9499969,160.9900055,157.9199982,160.4400024,160.4400024
2022-03-18,CVX,160.8899994,161.7299957,158.7799988,161.7299957,161.7299957
2022-03-21,CVX,163.0200043,165.5800018,162.7200012,164.6399994,164.6399994
2022-03-22,CVX,163.6900024,165.2599945,162.5800018,164.0899963,164.0899963
2022-03-23,CVX,166,167.3500061,164.9400024,165.8600006,165.8600006
2022-03-24,CVX,166.4299927,167.3999939,165,166.3000031,166.3000031
2022-03-25,CVX,165.2200012,169.6900024,165.1600037,169.3099976,169.3099976
2022-03-28,CVX,165.8999939,166.6300049,165.1300049,166.3500061,166.3500061
2022-03-29,CVX,163.5099945,164.4799957,160.5,164.3200073,164.3200073
2022-03-30,CVX,165.2400055,166.3500061,163.6600037,165.4799957,165.4799957
2022-03-31,CVX,163.4700012,166.1600037,162.7200012,162.8300018,162.8300018
2022-01-03,PTR,44.31000137,45.18000031,44.25,44.97999954,44.97999954
2022-01-04,PTR,44.61000061,45.11999893,44.50999832,45,45
2022-01-05,PTR,45.43999863,45.84999847,44.79000092,44.83000183,44.83000183
2022-01-06,PTR,45.27999878,45.52000046,44.88999939,45.5,45.5
2022-01-07,PTR,47.20000076,48.29999924,46.79999924,48.02999878,48.02999878
2022-01-10,PTR,48.00999832,48.00999832,47.04000092,47.16999817,47.16999817
2022-01-11,PTR,47.40000153,48.63000107,47.27000046,48.61999893,48.61999893
2022-01-12,PTR,49.20000076,50.38999939,49.04999924,49.59999847,49.59999847
2022-01-13,PTR,49.77999878,50.22000122,49.52000046,49.56999969,49.56999969
2022-01-14,PTR,49.65999985,50.70000076,49.34999847,50.63999939,50.63999939
2022-01-18,PTR,51.54000092,52.34999847,51.27999878,51.61999893,51.61999893
2022-01-19,PTR,52.31000137,52.47999954,51.11999893,51.59000015,51.59000015
2022-01-20,PTR,51.20000076,51.27999878,50.04000092,50.09000015,50.09000015
2022-01-21,PTR,49.75999832,50.41999817,49.11999893,49.63999939,49.63999939
2022-01-24,PTR,49.11999893,49.63999939,47.84000015,49.27999878,49.27999878
2022-01-25,PTR,49.13999939,51.36999893,48.70999908,51.06000137,51.06000137
2022-01-26,PTR,51.27999878,51.72000122,50.54000092,51.22999954,51.22999954
2022-01-27,PTR,51.25999832,51.79999924,50.06000137,50.50999832,50.50999832
2022-01-28,PTR,50.47000122,50.52999878,49.13999939,49.68999863,49.68999863
2022-01-31,PTR,49.66999817,50.27999878,49.31999969,49.49000168,49.49000168
2022-02-01,PTR,49.66999817,50.63000107,49.27000046,50.36999893,50.36999893
2022-02-02,PTR,50.79999924,51.27000046,50.08000183,50.83000183,50.83000183
2022-02-03,PTR,50.70999908,51.15999985,50.47000122,50.97000122,50.97000122
2022-02-04,PTR,51.27999878,52.41999817,51.27999878,51.75999832,51.75999832
2022-02-07,PTR,52.31999969,52.95999908,51.95999908,52.61000061,52.61000061
2022-02-08,PTR,52.79999924,53,51.45000076,52.25999832,52.25999832
2022-02-09,PTR,52.59999847,53.5,52.5,53.49000168,53.49000168
2022-02-10,PTR,53,53.88000107,52.54000092,52.77000046,52.77000046
2022-02-11,PTR,53,55.18000031,53,55.09000015,55.09000015
2022-02-14,PTR,54.86000061,54.86000061,53.34000015,54.08000183,54.08000183
2022-02-15,PTR,52.63999939,52.63999939,50.63000107,50.79999924,50.79999924
2022-02-16,PTR,52.02000046,53.31000137,52.02000046,52.13000107,52.13000107
2022-02-17,PTR,52.45999908,52.58000183,51.81999969,52.27000046,52.27000046
2022-02-18,PTR,51.90999985,52.40999985,51.63999939,52.38999939,52.38999939
2022-02-22,PTR,53.63999939,53.93999863,52.58000183,53.24000168,53.24000168
2022-02-23,PTR,53.20000076,53.25,51.86999893,52.34000015,52.34000015
2022-02-24,PTR,54,54.04000092,52,52.77000046,52.77000046
2022-02-25,PTR,52.22999954,52.40999985,50.88999939,51.65000153,51.65000153
2022-02-28,PTR,52.00999832,53.56000137,51.81999969,53.25999832,53.25999832
2022-03-01,PTR,53.45999908,54.24000168,53.18999863,53.75999832,53.75999832
2022-03-02,PTR,54.88999939,55,54.04999924,54.24000168,54.24000168
2022-03-03,PTR,53.61999893,53.91999817,52.75,53.66999817,53.66999817
2022-03-04,PTR,53.61000061,55.86000061,53.61000061,55.84000015,55.84000015
2022-03-07,PTR,56.15999985,57.47999954,56.13999939,57.36000061,57.36000061
2022-03-08,PTR,57.24000168,57.86999893,54.36999893,55.72999954,55.72999954
2022-03-09,PTR,53.31000137,53.45000076,50.00999832,50.34999847,50.34999847
2022-03-10,PTR,50.36000061,51.31000137,50.27000046,50.56000137,50.56000137
2022-03-11,PTR,50,50.02000046,49.02000046,49.54999924,49.54999924
2022-03-14,PTR,48.22000122,48.54000092,46.50999832,46.83000183,46.83000183
2022-03-15,PTR,44.84999847,45.31000137,43.27999878,44.75999832,44.75999832
2022-03-16,PTR,46.13999939,46.95999908,45.47000122,46.49000168,46.49000168
2022-03-17,PTR,48.40000153,49.41999817,47.72000122,49.18000031,49.18000031
2022-03-18,PTR,49.20000076,49.59999847,48.61000061,49.40999985,49.40999985
2022-03-21,PTR,49.61000061,49.88999939,49.27999878,49.72999954,49.72999954
2022-03-22,PTR,50.34999847,50.77999878,49.47999954,50.24000168,50.24000168
2022-03-23,PTR,50.36999893,52.54999924,50.36000061,51.63999939,51.63999939
2022-03-24,PTR,51.70999908,51.72999954,50.33000183,50.49000168,50.49000168
2022-03-25,PTR,50.84999847,52.97999954,50.41999817,52.54000092,52.54000092
2022-03-28,PTR,52.29000092,52.29000092,50.93000031,51.13000107,51.13000107
2022-03-29,PTR,50.88000107,52.36000061,49.93999863,52.25,52.25
2022-03-30,PTR,52.5,53.61999893,52.5,53.16999817,53.16999817
2022-03-31,PTR,51.84000015,51.93000031,50.45999908,50.54999924,50.54999924
2022-01-03,TTE,50.72000122,51.27999878,50.61999893,50.97999954,50.23823547
2022-01-04,TTE,51.06000137,51.56000137,51.06000137,51.24000168,50.49445343
2022-01-05,TTE,52.20999908,52.43999863,51.34000015,51.38999939,50.64226913
2022-01-06,TTE,52.40999985,52.5,51.84000015,52.09999847,51.34193802
2022-01-07,TTE,52.54999924,53.04999924,52.18000031,52.97000122,52.1992836
2022-01-10,TTE,53.09000015,53.27999878,52.70999908,53.20000076,52.42593765
2022-01-11,TTE,53.54999924,54.77000046,53.49000168,54.70999908,53.91396332
2022-01-12,TTE,55.77000046,56.20999908,55.68000031,56.02999878,55.21475601
2022-01-13,TTE,55.84999847,56.18999863,55.43999863,55.52000046,54.71218109
2022-01-14,TTE,56.24000168,57.16999817,56.22000122,57.09999847,56.26918793
2022-01-18,TTE,57.43000031,57.88999939,56.95000076,57.68000031,56.84075165
2022-01-19,TTE,58.15999985,58.83000183,57.43999863,58.38999939,57.54042053
2022-01-20,TTE,57.04000092,58.45999908,56.93999863,57.11999893,56.28889847
2022-01-21,TTE,56.09000015,56.49000168,55.54000092,55.63000107,54.82057953
2022-01-24,TTE,54.49000168,55.40999985,53.63000107,55.40999985,54.60377884
2022-01-25,TTE,55.04000092,56.59000015,54.11999893,56.38000107,55.55966568
2022-01-26,TTE,57.74000168,57.99000168,56.61000061,57.13000107,56.29875565
2022-01-27,TTE,58.38999939,58.59999847,57.20999908,57.83000183,56.98857117
2022-01-28,TTE,56.95999908,57.34000015,56.49000168,57.31000137,56.47613525
2022-01-31,TTE,56.47000122,56.95000076,56.04000092,56.79999924,55.9735527
2022-02-01,TTE,57.09999847,58.15000153,57.08000183,57.90000153,57.05755234
2022-02-02,TTE,57.36000061,57.40999985,56.68000031,57.29000092,56.45642471
2022-02-03,TTE,56.75999832,57.58000183,56.16999817,57.20999908,56.37759018
2022-02-04,TTE,58.02000046,58.66999817,57.88999939,58.36999893,57.52070999
2022-02-07,TTE,58.25,58.93000031,58,58.59000015,57.73751068
2022-02-08,TTE,59.36999893,59.45999908,58.43000031,58.84000015,57.98387146
2022-02-09,TTE,59.5,60.04000092,59.36999893,60.02999878,59.15655518
2022-02-10,TTE,58.70999908,59.81999969,58.65000153,59.04000092,58.18096542
2022-02-11,TTE,59.27000046,59.88999939,58.25999832,58.65000153,57.79663849
2022-02-14,TTE,58.58000183,58.65999985,57.59000015,58.33000183,57.48129654
2022-02-15,TTE,57.43999863,57.93999863,56.72999954,57.43999863,56.60424042
2022-02-16,TTE,57.66999817,58.79999924,57.65999985,58.09000015,57.24478531
2022-02-17,TTE,57.56000137,57.93999863,57.04000092,57.49000168,56.65351868
2022-02-18,TTE,57.15000153,57.61999893,56.97999954,57.58000183,56.74220657
2022-02-22,TTE,57.08000183,57.29000092,55.84000015,56.15000153,55.33301544
2022-02-23,TTE,56.45000076,56.66999817,55.77000046,56.29000092,55.47097778
2022-02-24,TTE,54.65999985,54.77999878,52.09000015,53.18000031,52.40622711
2022-02-25,TTE,54.38000107,54.70000076,54.08000183,54.70000076,53.90410995
2022-02-28,TTE,50.75999832,51.61000061,50.13999939,50.52999878,49.79478455
2022-03-01,TTE,50.09999847,50.36000061,48.81000137,49.29000092,48.57282639
2022-03-02,TTE,52.22999954,53.56000137,52.09999847,53.27999878,52.50476837
2022-03-03,TTE,52.59000015,52.90000153,50.86000061,50.93000031,50.18896484
2022-03-04,TTE,49.54000092,49.72999954,48.49000168,49.20000076,48.48413467
2022-03-07,TTE,48.86999893,49.47999954,48.33000183,48.81000137,48.09981155
2022-03-08,TTE,50.04999924,50.49000168,48.99000168,50.15999985,49.43016815
2022-03-09,TTE,50.52000046,51.63000107,50.00999832,50.66999817,49.93274689
2022-03-10,TTE,50.27999878,50.97000122,50.09000015,50.79000092,50.0510025
2022-03-11,TTE,50.25999832,50.52000046,49.59999847,49.65000153,48.92758942
2022-03-14,TTE,50.36999893,50.59999847,49.72000122,49.97000122,49.24293137
2022-03-15,TTE,49.54000092,50.11999893,48.79000092,49.75999832,49.03598404
2022-03-16,TTE,50.18999863,50.84000015,49.34999847,50.11000061,49.38089371
2022-03-17,TTE,50.68999863,51.34999847,50.52999878,50.79000092,50.0510025
2022-03-18,TTE,49.45999908,50.25,48.90000153,49.81999969,49.81999969
2022-03-21,TTE,50.11000061,50.54999924,50.02000046,50.31999969,50.31999969
2022-03-22,TTE,50.79000092,51,50.36000061,50.77000046,50.77000046
2022-03-23,TTE,50.47999954,51.13999939,50.25,51.02000046,51.02000046
2022-03-24,TTE,51.75999832,52.02999878,51.31999969,51.59000015,51.59000015
2022-03-25,TTE,51.65000153,52.58000183,51.58000183,52.47999954,52.47999954
2022-03-28,TTE,52.34000015,52.34000015,51.11999893,51.29999924,51.29999924
2022-03-29,TTE,51.27000046,51.70000076,50.47999954,51.70000076,51.70000076
2022-03-30,TTE,52.18000031,52.63999939,52.02000046,52.20999908,52.20999908
2022-03-31,TTE,51.36999893,51.50999832,50.52999878,50.54000092,50.54000092
2022-01-03,COP,72.02999878,73.95999908,72.01999664,73.76999664,73.18209076
2022-01-04,COP,74.55999756,77.37999725,74.27999878,76.97000122,76.35659027
2022-01-05,COP,77.98000336,78.26999664,75.51999664,75.65000153,75.04711151
2022-01-06,COP,77.81999969,78.79000092,76.90000153,78.48999786,77.86447906
2022-01-07,COP,78.87000275,80.93000031,78.37999725,80.63999939,79.99734497
2022-01-10,COP,80.65000153,81.16000366,79.20999908,81.02999878,80.3842392
2022-01-11,COP,81.61000061,83.76999664,80.62999725,83.58999634,82.92382813
2022-01-12,COP,84,84.54000092,83.09999847,84.40000153,83.72738647
2022-01-13,COP,83.94000244,84.86000061,83.19000244,83.62000275,82.95359802
2022-01-14,COP,84.22000122,86.87000275,83.87000275,86.73999786,86.04872894
2022-01-18,COP,88,89.11000061,85.81999969,87.51000214,86.81259155
2022-01-19,COP,87.88999939,88.44000244,85.72000122,87.27999878,86.58442688
2022-01-20,COP,86.05000305,88.47000122,85.40000153,85.62999725,84.9475708
2022-01-21,COP,84.91000366,85.11000061,82.15000153,82.72000122,82.06076813
2022-01-24,COP,80.69999695,83.44999695,78.77999878,83.01999664,82.35837555
2022-01-25,COP,83.12000275,87.26000214,81.31999969,87.11000061,86.41578674
2022-01-26,COP,88.72000122,89.19000244,86.36000061,87.05999756,86.36618042
2022-01-27,COP,88.94999695,89.73999786,87.80999756,89.66000366,88.94546509
2022-01-28,COP,87.98000336,89.72000122,87.69999695,89.22000122,88.50896454
2022-01-31,COP,88.77999878,89.43000031,86.91999817,88.62000275,87.91374969
2022-02-01,COP,87.40000153,91.88999939,87.22000122,91.54000092,90.81047821
2022-02-02,COP,90.44999695,92.61000061,88.98000336,92.20999908,91.4751358
2022-02-03,COP,92.77999878,92.94999695,89.47000122,90.87000275,90.14582062
2022-02-04,COP,92,94.93000031,91.75,91.87000275,91.13785553
2022-02-07,COP,90.41999817,94.23000336,89.68000031,92.94000244,92.19932556
2022-02-08,COP,91.94999695,93.15000153,90,91.33000183,90.60214996
2022-02-09,COP,91.52999878,94.04000092,91.25,92.94999695,92.20923615
2022-02-10,COP,92.23999786,94.33000183,91.29000092,91.91000366,91.17753601
2022-02-11,COP,91.83999634,93.69000244,91.34999847,93.51999664,93.2413559
2022-02-14,COP,92.5,92.72000122,90.20999908,91.55000305,91.27723694
2022-02-15,COP,88.68000031,89.91999817,87.73000336,89.68000031,89.41280365
2022-02-16,COP,89.76999664,91.90000153,89.63999939,90.20999908,89.94122314
2022-02-17,COP,90.16000366,91.84999847,90.16000366,91.16000366,90.88839722
2022-02-18,COP,89.61000061,90.63999939,88.69999695,89.62999725,89.36294556
2022-02-22,COP,92.73000336,92.84999847,86.41999817,87.83000183,87.5683136
2022-02-23,COP,88,89.48000336,87.34999847,88.23000336,87.96712494
2022-02-24,COP,90,90.25,85.29000092,87.73000336,87.46861267
2022-02-25,COP,88.37999725,91.51999664,87.81999969,91.26999664,90.99806213
2022-02-28,COP,90.66999817,95.06999969,89.84999847,94.86000061,94.57736969
2022-03-01,COP,95.84999847,98.45999908,94.80000305,96.95999908,96.67111206
2022-03-02,COP,98.37000275,99.97000122,97.19000244,98.04000092,97.74789429
2022-03-03,COP,97.19999695,98.19000244,95.62999725,97.41000366,97.11977386
2022-03-04,COP,97.61000061,100.3399963,97.44000244,100.2699966,99.97124481
2022-03-07,COP,101.4899979,103.7699966,99.12000275,101.2699966,100.9682693
2022-03-08,COP,101.5100021,104.4400024,95.86000061,98.80000305,98.50563049
2022-03-09,COP,95.36000061,98.72000122,92.76000214,96.20999908,95.92334747
2022-03-10,COP,97.27999878,99.83000183,96.44000244,99.72000122,99.42288971
2022-03-11,COP,98.83000183,101.0599976,98.16000366,98.41000366,98.1167984
2022-03-14,COP,97.37999725,97.55000305,94.20999908,96.55000305,96.26233673
2022-03-15,COP,92.86000061,95.81999969,92.31999969,95.05000305,94.76680756
2022-03-16,COP,95.19999695,95.76000214,94.09999847,94.81999969,94.53749084
2022-03-17,COP,96.65000153,99.06999969,96.51000214,98.83000183,98.53554535
2022-03-18,COP,99.11000061,100.1500015,98.47000122,99.59999847,99.30324554
2022-03-21,COP,101.1699982,103.9700012,100.8700027,102.7600021,102.4538345
2022-03-22,COP,102.6699982,102.8700027,100.3199997,101.7699966,101.466774
2022-03-23,COP,103.2200012,105.0199966,103.1900024,104.3700027,104.0590363
2022-03-24,COP,104.9700012,105.8499985,103.75,104.5400009,104.2285309
2022-03-25,COP,104.1699982,107.5199966,103.8199997,107.5,107.1797104
2022-03-28,COP,105.0599976,105.1399994,103.0100021,103.5,103.1916275
2022-03-29,COP,99.98999786,100.9400024,97.83999634,100.6900024,100.3899994
2022-03-30,COP,101.3399963,102.7600021,100.5999985,101.0999985,101.0999985
2022-03-31,COP,100,102.4499969,99.40000153,100,100
2022-01-03,EQR,90.77999878,91.19000244,89.19000244,91.05999756,90.41400146
2022-01-04,EQR,91.51999664,93.02999878,91.37999725,92.25,91.59555817
2022-01-05,EQR,92.25,92.5,90.25,90.45999908,89.81826019
2022-01-06,EQR,91.04000092,91.44999695,90.25,90.72000122,90.07641602
2022-01-07,EQR,90.23999786,90.80000305,89.43000031,89.65000153,89.01400757
2022-01-10,EQR,89.33000183,90.61000061,88.94000244,89.68000031,89.04379272
2022-01-11,EQR,89.93000031,90.72000122,88.76000214,90.55000305,89.90762329
2022-01-12,EQR,90.37000275,91.55999756,90.06999969,90.98000336,90.33457184
2022-01-13,EQR,91.33000183,92.12999725,91.19000244,91.47000122,90.8210907
2022-01-14,EQR,91.01999664,91.22000122,89.80000305,90.83000183,90.18563843
2022-01-18,EQR,90.66000366,90.68000031,89.12999725,90.25,89.60974884
2022-01-19,EQR,90.45999908,91.13999939,89.15000153,89.22000122,88.58705902
2022-01-20,EQR,88.95999908,90.29000092,88.33000183,88.34999847,87.72322845
2022-01-21,EQR,88.79000092,89.08000183,87.84999847,88.05999756,87.43527985
2022-01-24,EQR,88.02999878,88.62000275,85.55000305,88.33999634,87.71329498
2022-01-25,EQR,87.23999786,88.48999786,85.72000122,87.62000275,86.99840546
2022-01-26,EQR,87.87000275,89.37999725,86.91000366,87.38999939,86.77003479
2022-01-27,EQR,88.01999664,89.11000061,86.52999878,86.66999817,86.05514526
2022-01-28,EQR,86.72000122,88.90000153,85.16000366,88.88999939,88.25939178
2022-01-31,EQR,88.31999969,89.16999817,87.40000153,88.73000336,88.10053253
2022-02-01,EQR,88.23000336,89.15000153,87.63999939,88.09999847,87.47499847
2022-02-02,EQR,88.80999756,92.54000092,88.73999786,92,91.34733582
2022-02-03,EQR,92.04000092,92.40000153,91.30000305,91.58999634,90.94023895
2022-02-04,EQR,91.06999969,91.43000031,89.33000183,90.12000275,89.48067474
2022-02-07,EQR,89.87999725,90.69000244,89.26000214,89.55000305,88.91471863
2022-02-08,EQR,89.87000275,89.94999695,87.13999939,87.19000244,86.57145691
2022-02-09,EQR,88.51000214,90.44000244,88.48000336,90.31999969,89.67925262
2022-02-10,EQR,89.04000092,90,86.36000061,86.97000122,86.35301971
2022-02-11,EQR,87.26999664,87.66000366,85.70999908,86.37999725,85.76719666
2022-02-14,EQR,86.66000366,87.43000031,85.27999878,85.91999817,85.31046295
2022-02-15,EQR,86.58000183,87.23999786,86.05999756,86.31999969,85.70762634
2022-02-16,EQR,86.69000244,86.91999817,85.19999695,86.23000336,85.61827087
2022-02-17,EQR,85.80999756,86.01000214,84.65000153,84.93000031,84.32749176
2022-02-18,EQR,84.75,85.73999786,84.23999786,84.36000061,83.76153564
2022-02-22,EQR,84.26999664,85.44000244,83.88999939,84.66000366,84.0594101
2022-02-23,EQR,85.01000214,85.65000153,83.66000366,83.73000336,83.13600922
2022-02-24,EQR,82.69000244,84.98999786,81.98000336,84.62999725,84.02961731
2022-02-25,EQR,85.37000275,87.36000061,85.16000366,87.26000214,86.64096069
2022-02-28,EQR,86.01999664,86.84999847,84.44999695,85.30000305,84.69487
2022-03-01,EQR,85.47000122,86.04000092,83.08999634,83.62999725,83.03671265
2022-03-02,EQR,84.02999878,86.08000183,83.90000153,85.5,84.89344788
2022-03-03,EQR,86.01999664,86.76000214,85.19999695,86.69000244,86.07500458
2022-03-04,EQR,85.87999725,88.73999786,85.80999756,88.61000061,87.98138428
2022-03-07,EQR,88.77999878,90.34999847,87.66000366,87.76999664,87.14733887
2022-03-08,EQR,87.33999634,87.80999756,85.83999634,86.08000183,85.46932983
2022-03-09,EQR,87.38999939,88.65000153,87.09999847,87.77999878,87.15727234
2022-03-10,EQR,86.87000275,87.69000244,86.40000153,87.5,86.8792572
2022-03-11,EQR,88.22000122,88.72000122,86.66999817,86.80000305,86.18422699
2022-03-14,EQR,87,87.70999908,85.83999634,86.37999725,85.76719666
2022-03-15,EQR,87.55000305,88.06999969,86.66000366,87.38999939,86.77003479
2022-03-16,EQR,88.02999878,89.08000183,86.34999847,88.22000122,87.59414673
2022-03-17,EQR,87.80000305,89.36000061,87.80000305,89.31999969,88.68634796
2022-03-18,EQR,90,90.41999817,88.80999756,89,88.3686142
2022-03-21,EQR,89.08999634,89.66999817,88.48999786,88.88999939,88.25939178
2022-03-22,EQR,89.70999908,89.98000336,87.73999786,88.09999847,87.47499847
2022-03-23,EQR,88.08999634,88.31999969,87.23000336,87.44000244,86.81968689
2022-03-24,EQR,87.30000305,88.18000031,87.06999969,88.09999847,87.47499847
2022-03-25,EQR,88.27999878,89.05000305,87.54000092,89.01999664,89.01999664
2022-03-28,EQR,89.16000366,90.18000031,88.76000214,90.08000183,90.08000183
2022-03-29,EQR,90.95999908,93.02999878,90.73000336,92.87999725,92.87999725
2022-03-30,EQR,92.29000092,92.66000366,90.72000122,91.5,91.5
2022-03-31,EQR,92,92.30999756,89.88999939,89.91999817,89.91999817
2022-01-03,BP,26.69000053,27.47999954,26.64999962,27.37000084,27.09360504
2022-01-04,BP,28.12999916,28.70000076,28.11000061,28.54999924,28.26168633
2022-01-05,BP,28.93000031,29.06999969,28.36000061,28.37000084,28.08350563
2022-01-06,BP,29.02000046,29.12000084,28.59000015,28.80999947,28.51906204
2022-01-07,BP,29.27000046,29.70000076,29.07999992,29.67000008,29.37037659
2022-01-10,BP,29.86000061,29.95999908,29.37999916,29.55999947,29.26148796
2022-01-11,BP,29.79999924,30.59000015,29.67000008,30.54000092,30.23159218
2022-01-12,BP,31.12999916,31.39999962,31.04999924,31.19000053,30.87502861
2022-01-13,BP,31.39999962,31.60000038,31.15999985,31.21999931,30.90472412
2022-01-14,BP,31.62999916,32.06999969,31.59000015,32.04000092,31.71644402
2022-01-18,BP,32.40000153,32.56000137,31.89999962,32.38000107,32.05301285
2022-01-19,BP,32.50999832,32.63999939,31.73999977,32.09999847,31.77583694
2022-01-20,BP,31.53000069,31.96999931,31.32999992,31.36000061,31.04331017
2022-01-21,BP,30.85000038,31.07999992,30.54999924,30.70999908,30.39987373
2022-01-24,BP,29.39999962,29.98999977,28.88999939,29.97999954,29.67724609
2022-01-25,BP,30.25,31.47999954,29.85000038,31.39999962,31.08290672
2022-01-26,BP,32.00999832,32.13000107,31.23999977,31.5,31.18189621
2022-01-27,BP,32.02000046,32.15000153,31.13999939,31.53000069,31.21159363
2022-01-28,BP,31.04999924,31.35000038,30.64999962,31.06999969,30.75623894
2022-01-31,BP,31.12000084,31.13999939,30.75,30.92000008,30.60775375
2022-02-01,BP,31.20000076,31.88999939,31.06999969,31.76000023,31.43927193
2022-02-02,BP,31.79999924,32.02999878,31.62000084,31.95999908,31.6372509
2022-02-03,BP,32.06999969,32.34000015,31.68000031,32.15000153,31.82533455
2022-02-04,BP,32.72000122,33.18999863,32.68999863,32.88000107,32.54796219
2022-02-07,BP,32.68999863,33.59000015,32.56000137,33.34000015,33.00331497
2022-02-08,BP,33.45999908,33.56000137,32.27999878,32.81000137,32.47866821
2022-02-09,BP,33.27999878,33.70000076,32.91999817,32.99000168,32.65685272
2022-02-10,BP,33,33.61999893,32.93000031,33.06000137,32.72614288
2022-02-11,BP,33.56999969,34.15999985,33.15000153,33.22999954,32.89442444
2022-02-14,BP,33.13000107,33.15999985,32.15999985,32.45000076,32.12230301
2022-02-15,BP,31.98999977,32.29999924,31.45999908,32.15999985,31.83523178
2022-02-16,BP,32.47000122,33,32.41999817,32.47999954,32.15200043
2022-02-17,BP,32.47999954,32.59000015,32,32.29000092,32.29000092
2022-02-18,BP,32.09000015,32.15999985,31.62000084,31.77000046,31.77000046
2022-02-22,BP,31.77000046,31.87999916,30.80999947,31.05999947,31.05999947
2022-02-23,BP,31.20999908,31.39999962,31.01000023,31.12999916,31.12999916
2022-02-24,BP,29.77000046,30.01000023,28.51000023,29.17000008,29.17000008
2022-02-25,BP,30.05999947,30.75,29.95000076,30.72999954,30.72999954
2022-02-28,BP,28.53000069,29.35000038,28.31999969,29.20999908,29.20999908
2022-03-01,BP,28.78000069,29.32999992,28.18000031,28.48999977,28.48999977
2022-03-02,BP,29.81999969,30.32999992,29.67000008,30.11000061,30.11000061
2022-03-03,BP,29.18000031,29.47999954,28.62999916,28.73999977,28.73999977
2022-03-04,BP,28.02000046,28.19000053,27.55999947,28.01000023,28.01000023
2022-03-07,BP,28.37000084,28.72999954,27.96999931,28.5,28.5
2022-03-08,BP,29.44000053,30.27000046,29.07999992,29.75,29.75
2022-03-09,BP,29.10000038,29.54000092,28.71999931,29.03000069,29.03000069
2022-03-10,BP,28.87999916,29.12999916,28.54999924,29.03000069,29.03000069
2022-03-11,BP,28.37999916,28.76000023,28.20000076,28.27000046,28.27000046
2022-03-14,BP,27.87999916,28.09000015,27.44000053,27.86000061,27.86000061
2022-03-15,BP,27.61000061,28.32999992,27.30999947,28.04999924,28.04999924
2022-03-16,BP,28.38999939,28.62000084,28.13999939,28.61000061,28.61000061
2022-03-17,BP,28.96999931,29.22999954,28.80999947,29.04000092,29.04000092
2022-03-18,BP,28.65999985,28.85000038,28.37000084,28.73999977,28.73999977
2022-03-21,BP,29.40999985,29.87000084,29.39999962,29.79999924,29.79999924
2022-03-22,BP,29.90999985,29.90999985,29.34000015,29.67000008,29.67000008
2022-03-23,BP,30.5,30.95999908,30.38999939,30.76000023,30.76000023
2022-03-24,BP,31,31.06999969,30.61000061,30.73999977,30.73999977
2022-03-25,BP,30.59000015,31.23999977,30.57999992,31.04999924,31.04999924
2022-03-28,BP,30.20999908,30.22999954,29.80999947,29.93000031,29.93000031
2022-03-29,BP,29.25,29.67000008,28.97999954,29.61000061,29.61000061
2022-03-30,BP,29.94000053,30.34000015,29.88999939,30.06999969,30.06999969
2022-03-31,BP,29.72999954,29.90999985,29.37999916,29.39999962,29.39999962
2022-01-03,PBR,11.02000046,11.22000027,10.97000027,11.14999962,10.2983799
2022-01-04,PBR,11.06999969,11.39000034,11.06000042,11.27999973,10.41845036
2022-01-05,PBR,11.22000027,11.28999996,10.72000027,10.72999954,9.910458565
2022-01-06,PBR,10.97999954,11.07999992,10.77000046,10.82999992,10.00282097
2022-01-07,PBR,10.84000015,11.05000019,10.81999969,11.01000023,10.1690731
2022-01-10,PBR,10.93000031,10.97999954,10.72000027,10.82999992,10.00282097
2022-01-11,PBR,10.92000008,11.59000015,10.89000034,11.57999992,10.69553757
2022-01-12,PBR,11.72000027,12.06999969,11.69999981,12.02000046,11.10193157
2022-01-13,PBR,12.14999962,12.53999996,12.14000034,12.30000019,11.36054516
2022-01-14,PBR,12.27999973,12.61999989,12.19999981,12.60999966,11.6468668
2022-01-18,PBR,12.56999969,12.64999962,12.14000034,12.46000004,11.50832462
2022-01-19,PBR,12.65999985,12.88000011,12.56999969,12.60999966,11.6468668
2022-01-20,PBR,12.77999973,12.93000031,12.61999989,12.64999962,11.68381214
2022-01-21,PBR,12.68000031,12.89000034,12.63000011,12.67000008,11.70228481
2022-01-24,PBR,12.52000046,12.64999962,12.10000038,12.64000034,11.67457676
2022-01-25,PBR,12.56999969,13.27000046,12.44999981,13.15999985,12.15485954
2022-01-26,PBR,13.43000031,13.85000038,13.38000011,13.60999966,12.57048893
2022-01-27,PBR,13.94999981,13.98999977,13.5,13.77999973,12.72750473
2022-01-28,PBR,13.77999973,14.06000042,13.18000031,13.38000011,12.35805607
2022-01-31,PBR,13.27999973,13.46000004,13.09000015,13.35000038,12.33034801
2022-02-01,PBR,13.23999977,13.88000011,13.23999977,13.85000038,12.79215908
2022-02-02,PBR,13.68000031,13.68000031,13.34000015,13.52999973,12.4965992
2022-02-03,PBR,13.25,13.42000008,13.10999966,13.34000015,12.32111168
2022-02-04,PBR,13.52000046,13.76000023,13.38000011,13.56000042,12.5243082
2022-02-07,PBR,13.47000027,13.64999962,13.34000015,13.56000042,12.5243082
2022-02-08,PBR,13.28999996,13.32999992,13.07999992,13.30000019,12.28416634
2022-02-09,PBR,13.43000031,13.67000008,13.32999992,13.42000008,12.39500141
2022-02-10,PBR,13.48999977,13.92000008,13.48999977,13.59000015,12.55201721
2022-02-11,PBR,13.75,14.31000042,13.67000008,14.18999958,13.10618877
2022-02-14,PBR,14.18000031,14.21000004,13.78999996,13.97999954,12.91222858
2022-02-15,PBR,13.72000027,13.77999973,13.47000027,13.77000046,12.71826935
2022-02-16,PBR,14.03999996,14.43999958,14.02999973,14.21000004,13.1246624
2022-02-17,PBR,14.06999969,14.14000034,13.86999989,13.97000027,12.9029932
2022-02-18,PBR,13.96000004,14.05000019,13.80000019,14.01000023,12.93993759
2022-02-22,PBR,14.71000004,14.72000027,14.14000034,14.31999969,13.22626019
2022-02-23,PBR,14.61999989,14.68999958,14.40999985,14.56000042,13.44793034
2022-02-24,PBR,14.63000011,14.67000008,13.56999969,13.94999981,12.88452053
2022-02-25,PBR,13.85999966,14.19999981,13.72000027,14.18999958,13.10618877
2022-02-28,PBR,14.14000034,14.34000015,13.93999958,14.28999996,13.19855213
2022-03-01,PBR,14.27000046,15.10000038,14.26000023,14.68000031,13.55876446
2022-03-02,PBR,14.94999981,15.11999989,14.46000004,14.68000031,13.55876446
2022-03-03,PBR,14.64999962,15.07999992,14.61999989,14.80000019,13.66959858
2022-03-04,PBR,14.68999958,14.68999958,14.27000046,14.51000023,13.40174866
2022-03-07,PBR,14.5,14.52000046,13.26000023,13.35999966,12.3395834
2022-03-08,PBR,13.81000042,13.85000038,13.25,13.71000004,12.66285133
2022-03-09,PBR,13.80000019,13.97999954,13.60999966,13.85999966,12.80139446
2022-03-10,PBR,13.81999969,14.25,13.73999977,14.17000008,13.08771706
2022-03-11,PBR,14.18999958,14.23999977,13.67000008,13.76000023,12.70903301
2022-03-14,PBR,13.72000027,13.82999992,13.28999996,13.47999954,12.45041752
2022-03-15,PBR,13.09000015,13.23999977,12.75,13.06999969,12.07173347
2022-03-16,PBR,13.18999958,13.27000046,12.93999958,13.26000023,12.24722195
2022-03-17,PBR,13.14999962,13.30000019,12.65999985,13.02000046,12.02555275
2022-03-18,PBR,13.06000042,13.35000038,12.93000031,13.26000023,12.24722195
2022-03-21,PBR,13.56000042,13.96000004,13.52000046,13.80000019,12.7459774
2022-03-22,PBR,14.01000023,14.01000023,13.57999992,13.75,12.69979572
2022-03-23,PBR,13.97999954,14.44999981,13.93999958,14.18999958,13.10618877
2022-03-24,PBR,14.17000008,14.56000042,14.05000019,14.46000004,13.35556698
2022-03-25,PBR,14.47999954,14.84000015,14.43000031,14.68999958,13.56799984
2022-03-28,PBR,14.23999977,14.34000015,14.03999996,14.18000031,13.09695339
2022-03-29,PBR,14.52000046,14.64999962,14.18000031,14.48999977,13.38327599
2022-03-30,PBR,14.60000038,14.75,14.5,14.67000008,13.54952812
2022-03-31,PBR,14.51000023,14.98999977,14.51000023,14.80000019,13.66959858
2022-01-03,GOLD,18.78000069,18.79999924,18.52000046,18.54000092,18.45774651
2022-01-04,GOLD,18.60000038,18.90999985,18.55999947,18.72999954,18.64690208
2022-01-05,GOLD,18.94000053,19.10000038,18.54000092,18.56999969,18.48761368
2022-01-06,GOLD,18.28000069,18.30999947,17.98999977,18.02000046,17.94005394
2022-01-07,GOLD,18.09000015,18.21999931,17.93000031,18.10000038,18.0196991
2022-01-10,GOLD,18.05999947,18.62999916,18.04000092,18.62000084,18.53739166
2022-01-11,GOLD,18.67000008,18.87999916,18.51000023,18.86000061,18.77632713
2022-01-12,GOLD,18.92000008,19.23999977,18.78000069,19.20000076,19.11481857
2022-01-13,GOLD,19.13999939,19.29000092,18.81999969,18.82999992,18.74645996
2022-01-14,GOLD,18.86000061,18.90999985,18.52000046,18.68000031,18.59712601
2022-01-18,GOLD,18.55999947,18.85000038,18.46999931,18.55999947,18.47765732
2022-01-19,GOLD,18.80999947,20.23999977,18.76000023,20.17000008,20.08051491
2022-01-20,GOLD,20.13999939,20.29999924,19.88999939,19.90999985,19.82166862
2022-01-21,GOLD,20.01000023,20.05999947,19.26000023,19.34000015,19.25419807
2022-01-24,GOLD,19.23999977,19.40999985,18.80999947,19.37000084,19.28406525
2022-01-25,GOLD,19.20999908,19.59000015,19.13999939,19.48999977,19.40353203
2022-01-26,GOLD,19.36000061,19.71999931,18.92000008,19.03000069,18.94557381
2022-01-27,GOLD,18.75,19.14999962,18.65999985,18.70999908,18.62699127
2022-01-28,GOLD,18.51000023,18.59000015,18.26000023,18.55999947,18.47765732
2022-01-31,GOLD,18.71999931,19.18000031,18.56999969,19.14999962,19.06504059
2022-02-01,GOLD,19.14999962,19.29000092,18.87999916,19.09000015,19.00530624
2022-02-02,GOLD,19.04999924,19.5,18.87999916,19.21999931,19.13472939
2022-02-03,GOLD,19.17000008,19.29999924,18.80999947,19.05999947,18.97543907
2022-02-04,GOLD,18.98999977,19.39999962,18.95000076,19.19000053,19.10486221
2022-02-07,GOLD,19.34000015,19.65999985,19.20000076,19.57999992,19.49313164
2022-02-08,GOLD,19.62000084,19.81999969,19.54000092,19.81999969,19.73206711
2022-02-09,GOLD,19.88999939,19.97999954,19.70000076,19.72999954,19.64246559
2022-02-10,GOLD,19.65999985,19.87999916,19.23999977,19.29999924,19.21437454
2022-02-11,GOLD,19.35000038,20.87000084,19.29000092,20.68000031,20.58825302
2022-02-14,GOLD,20.72999954,21.20000076,20.70999908,21.09000015,20.99643326
2022-02-15,GOLD,20.48999977,20.73999977,20.29000092,20.68000031,20.58825302
2022-02-16,GOLD,21.13999939,22.45000076,21.12999916,22.22999954,22.13137436
2022-02-17,GOLD,22.54000092,23.46999931,22.40999985,23.22999954,23.12693787
2022-02-18,GOLD,23.01000023,23.35000038,22.93000031,23.13999939,23.03733826
2022-02-22,GOLD,23.15999985,23.44000053,22.55999947,22.76000023,22.65902519
2022-02-23,GOLD,22.70000076,23.18000031,22.70000076,22.82999992,22.72871399
2022-02-24,GOLD,23.45000076,23.59000015,22.09000015,22.54000092,22.44000053
2022-02-25,GOLD,22.15999985,22.62000084,22.01000023,22.55999947,22.55999947
2022-02-28,GOLD,22.87999916,22.90999985,22.32999992,22.56999969,22.56999969
2022-03-01,GOLD,22.75,23.5,22.72999954,23.45999908,23.45999908
2022-03-02,GOLD,22.82999992,23.36000061,22.65999985,23.14999962,23.14999962
2022-03-03,GOLD,23.12000084,23.70000076,23.12000084,23.56999969,23.56999969
2022-03-04,GOLD,23.71999931,24.47999954,23.56999969,24.20000076,24.20000076
2022-03-07,GOLD,24.37000084,24.97999954,23.94000053,24.86000061,24.86000061
2022-03-08,GOLD,25.09000015,26.06999969,24.47999954,25.36000061,25.36000061
2022-03-09,GOLD,23.71999931,24.62999916,23.39999962,24.32999992,24.32999992
2022-03-10,GOLD,24.42000008,25.02000046,24.27000046,24.48999977,24.48999977
2022-03-11,GOLD,23.71999931,24.56999969,23.47999954,24.35000038,24.35000038
2022-03-14,GOLD,23.75,24.01000023,23.37999916,23.63999939,23.63999939
2022-03-15,GOLD,22.80999947,24.04000092,22.80999947,23.77000046,23.77000046
2022-03-16,GOLD,23.57999992,23.94000053,23.20000076,23.61000061,23.61000061
2022-03-17,GOLD,23.89999962,24.54000092,23.86000061,24.07999992,24.07999992
2022-03-18,GOLD,24.10000038,24.14999962,23.72999954,23.87000084,23.87000084
2022-03-21,GOLD,23.89999962,24.60000038,23.87999916,24.29999924,24.29999924
2022-03-22,GOLD,24.27000046,24.38999939,23.84000015,24.22999954,24.22999954
2022-03-23,GOLD,24.39999962,24.59000015,24.15999985,24.56999969,24.56999969
2022-03-24,GOLD,24.75,24.95999908,24.40999985,24.5,24.5
2022-03-25,GOLD,24.29000092,24.62999916,24.18000031,24.54000092,24.54000092
2022-03-28,GOLD,24.11000061,24.31999969,23.94000053,24.22999954,24.22999954
2022-03-29,GOLD,23.73999977,24.56999969,23.61000061,24.53000069,24.53000069
2022-03-30,GOLD,24.64999962,24.94000053,24.64999962,24.85000038,24.85000038
2022-03-31,GOLD,24.85000038,25.12999916,24.53000069,24.53000069,24.53000069
2022-01-03,GFI,10.80000019,10.85000038,10.60000038,10.60999966,10.49708557
2022-01-04,GFI,10.63000011,10.77999973,10.46000004,10.48999977,10.37836266
2022-01-05,GFI,10.67000008,10.80000019,10.26000023,10.28999996,10.18049145
2022-01-06,GFI,10.05000019,10.06999969,9.890000343,9.989999771,9.883684158
2022-01-07,GFI,10.07999992,10.18999958,10,10.18000031,10.07166195
2022-01-10,GFI,10.10000038,10.30000019,10.01000023,10.28999996,10.18049145
2022-01-11,GFI,10.40999985,10.60000038,10.28999996,10.60000038,10.48719311
2022-01-12,GFI,10.73999977,10.94999981,10.67000008,10.92000008,10.80378723
2022-01-13,GFI,10.84000015,10.88000011,10.68000031,10.68000031,10.5663414
2022-01-14,GFI,10.68999958,10.69999981,10.47000027,10.51000023,10.39815044
2022-01-18,GFI,10.11999989,10.31000042,9.760000229,9.840000153,9.735280991
2022-01-19,GFI,10.06000042,11.18999958,9.989999771,11.10000038,10.9818716
2022-01-20,GFI,11.14999962,11.27000046,10.89999962,10.92000008,10.80378723
2022-01-21,GFI,11.09000015,11.18000031,10.85999966,10.93000031,10.81368065
2022-01-24,GFI,10.89999962,10.97000027,10.51000023,10.93999958,10.82357311
2022-01-25,GFI,10.93999958,11.39000034,10.81999969,11.32999992,11.20942307
2022-01-26,GFI,11.10000038,11.30000019,10.60000038,10.75,10.63559628
2022-01-27,GFI,10.26000023,10.43999958,9.93999958,10.06999969,9.962832451
2022-01-28,GFI,9.989999771,10.06999969,9.850000381,10,9.893577576
2022-01-31,GFI,10.27999973,10.60999966,10.19999981,10.60000038,10.48719311
2022-02-01,GFI,10.81000042,10.84000015,10.43000031,10.61999989,10.50697899
2022-02-02,GFI,10.64999962,10.73999977,10.52000046,10.55000019,10.43772507
2022-02-03,GFI,10.43000031,10.57999992,10.30000019,10.31999969,10.2101717
2022-02-04,GFI,10.27000046,10.63000011,10.27000046,10.43999958,10.32889462
2022-02-07,GFI,10.51000023,10.84000015,10.35999966,10.76000023,10.64548969
2022-02-08,GFI,10.77000046,11.18000031,10.77000046,11.17000008,11.05112648
2022-02-09,GFI,11.05000019,11.31000042,11.03999996,11.21000004,11.0907011
2022-02-10,GFI,11.17000008,11.35999966,10.77000046,10.84000015,10.72463799
2022-02-11,GFI,10.88000011,11.65999985,10.85999966,11.39999962,11.27867794
2022-02-14,GFI,11.89000034,12.34000015,11.88000011,12.27999973,12.14931297
2022-02-15,GFI,11.77000046,11.85999966,11.47000027,11.78999996,11.66452789
2022-02-16,GFI,11.81999969,12.14000034,11.73999977,12.07999992,11.95144176
2022-02-17,GFI,12.09000015,12.85999966,12.02999973,12.78999996,12.65388584
2022-02-18,GFI,12.89000034,13.22999954,12.69999981,13.07999992,12.94079971
2022-02-22,GFI,13.07999992,13.22999954,12.65999985,12.69999981,12.56484318
2022-02-23,GFI,12.73999977,13.47999954,12.69999981,13.27000046,13.12877846
2022-02-24,GFI,13.71000004,13.77000046,12.92000008,13.27000046,13.12877846
2022-02-25,GFI,13.02999973,13.31999969,12.88000011,13.21000004,13.06941605
2022-02-28,GFI,13.73999977,14.18999958,13.56999969,14.02000046,13.8707962
2022-03-01,GFI,14.27000046,14.85999966,14.23999977,14.48999977,14.3357935
2022-03-02,GFI,14.25,14.31999969,13.88000011,14.14000034,13.98951912
2022-03-03,GFI,14.18000031,14.43999958,13.96000004,14.42000008,14.26653957
2022-03-04,GFI,14.64999962,15.97000027,14.64999962,15.52000046,15.35483265
2022-03-07,GFI,16.14999962,16.20000076,15.43999958,16.04000092,15.86929989
2022-03-08,GFI,16.37000084,17.20000076,15.52999973,16.10000038,15.92866039
2022-03-09,GFI,15.76000023,16.44000053,15.35000038,16.35000038,16.1760006
2022-03-10,GFI,16.34000015,16.95999908,16.34000015,16.70999908,16.70999908
2022-03-11,GFI,16.28000069,16.84000015,16.15999985,16.67000008,16.67000008
2022-03-14,GFI,16,16.11000061,15.35999966,15.64000034,15.64000034
2022-03-15,GFI,14.97999954,16.20999908,14.90999985,15.94999981,15.94999981
2022-03-16,GFI,15.80000019,16.09000015,15.39000034,15.72999954,15.72999954
2022-03-17,GFI,15.93000031,16.19000053,15.53999996,15.73999977,15.73999977
2022-03-18,GFI,15.73999977,15.89000034,15.52000046,15.59000015,15.59000015
2022-03-21,GFI,15.5,16.36000061,15.5,15.96000004,15.96000004
2022-03-22,GFI,16,16.01000023,15.22000027,15.64000034,15.64000034
2022-03-23,GFI,15.92000008,16.43000031,15.76000023,16.39999962,16.39999962
2022-03-24,GFI,16.53000069,16.60000038,15.90999985,15.92000008,15.92000008
2022-03-25,GFI,15.63000011,15.82999992,15.40999985,15.64999962,15.64999962
2022-03-28,GFI,15.40999985,15.61999989,15.25,15.47000027,15.47000027
2022-03-29,GFI,14.89999962,15.32999992,14.60999966,15.31000042,15.31000042
2022-03-30,GFI,15.32999992,15.72000027,15.30000019,15.53999996,15.53999996
2022-03-31,GFI,15.52999973,15.97000027,15.39999962,15.46000004,15.46000004
2022-01-03,MON,9.760000229,9.770000458,9.729999542,9.75,9.75
2022-01-04,MON,9.75,9.75,9.75,9.75,9.75
2022-01-05,MON,9.729999542,9.75,9.729999542,9.75,9.75
2022-01-06,MON,9.739999771,9.760000229,9.739999771,9.760000229,9.760000229
2022-01-07,MON,9.739999771,9.75,9.739999771,9.75,9.75
2022-01-10,MON,9.739999771,9.744999886,9.739999771,9.739999771,9.739999771
2022-01-11,MON,9.739999771,9.739999771,9.739999771,9.739999771,9.739999771
2022-01-12,MON,9.739999771,9.739999771,9.739999771,9.739999771,9.739999771
2022-01-13,MON,9.75,9.75,9.75,9.75,9.75
2022-01-14,MON,9.729999542,9.739999771,9.729999542,9.739999771,9.739999771
2022-01-18,MON,9.760000229,9.760000229,9.729999542,9.739999771,9.739999771
2022-01-19,MON,9.739999771,9.739999771,9.739999771,9.739999771,9.739999771
2022-01-20,MON,9.710000038,9.720000267,9.710000038,9.720000267,9.720000267
2022-01-21,MON,9.739999771,9.739999771,9.734999657,9.734999657,9.734999657
2022-01-24,MON,9.729999542,9.729999542,9.729999542,9.729999542,9.729999542
2022-01-25,MON,9.729999542,9.729999542,9.699999809,9.710000038,9.710000038
2022-01-26,MON,9.770000458,9.770000458,9.720000267,9.729999542,9.729999542
2022-01-27,MON,9.739999771,9.75,9.710000038,9.710000038,9.710000038
2022-01-28,MON,9.710000038,9.710000038,9.710000038,9.710000038,9.710000038
2022-01-31,MON,9.770000458,9.770000458,9.770000458,9.770000458,9.770000458
2022-02-01,MON,9.779999733,9.800000191,9.729999542,9.770000458,9.770000458
2022-02-02,MON,9.739999771,9.739999771,9.739999771,9.739999771,9.739999771
2022-02-03,MON,9.730999947,9.730999947,9.729999542,9.729999542,9.729999542
2022-02-04,MON,9.729999542,9.729999542,9.729999542,9.729999542,9.729999542
2022-02-07,MON,9.779999733,9.779999733,9.770000458,9.779999733,9.779999733
2022-02-08,MON,9.739999771,9.739999771,9.739999771,9.739999771,9.739999771
2022-02-09,MON,9.739999771,9.739999771,9.739999771,9.739999771,9.739999771
2022-02-10,MON,9.760000229,9.760000229,9.760000229,9.760000229,9.760000229
2022-02-11,MON,9.760000229,9.760000229,9.75,9.75,9.75
2022-02-14,MON,9.75,9.765000343,9.75,9.75,9.75
2022-02-15,MON,9.75,9.75,9.75,9.75,9.75
2022-02-16,MON,9.75,9.75,9.75,9.75,9.75
2022-02-17,MON,9.779999733,9.779999733,9.779999733,9.779999733,9.779999733
2022-02-18,MON,9.770000458,9.770000458,9.770000458,9.770000458,9.770000458
2022-02-22,MON,9.760000229,9.760000229,9.760000229,9.760000229,9.760000229
2022-02-23,MON,9.75,9.75,9.75,9.75,9.75
2022-02-24,MON,9.760000229,9.779999733,9.760000229,9.779999733,9.779999733
2022-02-25,MON,9.779999733,9.779999733,9.779999733,9.779999733,9.779999733
2022-02-28,MON,9.760000229,9.770000458,9.760000229,9.770000458,9.770000458
2022-03-01,MON,9.770000458,9.770000458,9.760000229,9.760000229,9.760000229
2022-03-02,MON,9.760000229,9.760000229,9.75,9.75,9.75
2022-03-03,MON,9.75,9.760000229,9.75,9.75,9.75
2022-03-04,MON,9.760000229,9.760000229,9.760000229,9.760000229,9.760000229
2022-03-07,MON,9.760000229,9.760000229,9.760000229,9.760000229,9.760000229
2022-03-08,MON,9.760000229,9.760000229,9.760000229,9.760000229,9.760000229
2022-03-09,MON,9.765000343,9.765000343,9.760000229,9.760000229,9.760000229
2022-03-10,MON,9.760000229,9.779999733,9.760000229,9.779999733,9.779999733
2022-03-11,MON,9.819999695,9.819999695,9.819999695,9.819999695,9.819999695
2022-03-14,MON,9.819999695,9.819999695,9.819999695,9.819999695,9.819999695
2022-03-15,MON,9.819999695,9.819999695,9.819999695,9.819999695,9.819999695
2022-03-16,MON,9.760000229,9.779999733,9.760000229,9.779999733,9.779999733
2022-03-17,MON,9.760000229,9.760000229,9.760000229,9.760000229,9.760000229
2022-03-18,MON,9.659999847,9.789999962,9.659999847,9.788000107,9.788000107
2022-03-21,MON,9.760000229,9.770000458,9.760000229,9.760000229,9.760000229
2022-03-22,MON,9.760000229,9.760000229,9.760000229,9.760000229,9.760000229
2022-03-23,MON,9.770000458,9.779999733,9.770000458,9.776000023,9.776000023
2022-03-24,MON,9.760000229,9.760000229,9.760000229,9.760000229,9.760000229
2022-03-25,MON,9.760000229,9.760000229,9.760000229,9.760000229,9.760000229
2022-03-28,MON,9.789999962,9.789999962,9.770000458,9.770000458,9.770000458
2022-03-29,MON,9.770000458,9.770000458,9.770000458,9.770000458,9.770000458
2022-03-30,MON,9.789999962,9.789999962,9.779999733,9.779999733,9.779999733
2022-03-31,MON,9.779999733,9.800000191,9.779999733,9.789999962,9.789999962
2022-01-03,MOS,39.5,40.54999924,39.5,40.18999863,40.1024437
2022-01-04,MOS,40.65000153,40.97000122,40.11999893,40.5,40.41176987
2022-01-05,MOS,40.86000061,41.15000153,38.97000122,39,38.91503525
2022-01-06,MOS,39.47999954,39.90000153,38.00999832,39.40999985,39.32414246
2022-01-07,MOS,39.49000168,40.31999969,39.43000031,40.18000031,40.09246445
2022-01-10,MOS,39.95999908,40.68000031,39.43999863,40.04000092,39.95277023
2022-01-11,MOS,40.15999985,40.56999969,39.16999817,40.36000061,40.27207565
2022-01-12,MOS,40.95999908,42.61000061,40.95000076,41.90999985,41.81869507
2022-01-13,MOS,42,42.90999985,41.5,41.61000061,41.51935196
2022-01-14,MOS,42.84999847,43.84000015,41.95000076,43.22999954,43.1358223
2022-01-18,MOS,42.90000153,44.06000137,42.38999939,43.61000061,43.51499557
2022-01-19,MOS,43.27000046,43.88999939,41.63999939,41.93999863,41.848629
2022-01-20,MOS,41.99000168,42.24000168,40.47000122,40.52999878,40.4417038
2022-01-21,MOS,40.06000137,40.36999893,39.09000015,39.31000137,39.22436142
2022-01-24,MOS,38.31000137,39.27999878,37.08000183,39.11000061,39.02479935
2022-01-25,MOS,38.56000137,40.56999969,37.63000107,40.43000031,40.34192276
2022-01-26,MOS,40.81999969,41.79000092,39.25999832,39.86999893,39.78313828
2022-01-27,MOS,40.25999832,41.06999969,38.97000122,39.49000168,39.40397263
2022-01-28,MOS,39.38999939,40.08000183,38.58000183,39.77000046,39.68336105
2022-01-31,MOS,39.5,40.02999878,38.70000076,39.95000076,39.86296844
2022-02-01,MOS,40.25,43.70000076,40.13000107,43.59000015,43.49503708
2022-02-02,MOS,43.25,44.49000168,42.25,44.16999817,44.07377243
2022-02-03,MOS,43.27999878,43.93999863,42.34000015,42.93999863,42.84645081
2022-02-04,MOS,42.81000137,44.45999908,42.61000061,43.83000183,43.73451614
2022-02-07,MOS,44.11000061,44.81999969,43.15000153,44.45999908,44.36314011
2022-02-08,MOS,44.70999908,45.11000061,43.52999878,44.93000031,44.83211899
2022-02-09,MOS,45.54999924,45.74000168,44.72999954,44.77000046,44.67246628
2022-02-10,MOS,44.15999985,47.54999924,44.11000061,45.91999817,45.81995773
2022-02-11,MOS,45.81000137,47.25999832,45.38000107,46.86999893,46.76789093
2022-02-14,MOS,46.52000046,46.61000061,43.91999817,44.61999893,44.52279282
2022-02-15,MOS,44.56999969,45.83000183,42.90999985,45.58000183,45.48070526
2022-02-16,MOS,45.63000107,46.54999924,45.45000076,46.29000092,46.18915558
2022-02-17,MOS,46.40999985,47.09999847,45.77999878,46.02000046,45.91974258
2022-02-18,MOS,45.70000076,46,44.61999893,45,44.90196609
2022-02-22,MOS,45.70999908,45.84000015,43.58000183,44.18999863,44.09372711
2022-02-23,MOS,42.79000092,45.79999924,42.34999847,45.20000076,45.10153198
2022-02-24,MOS,44.13000107,48.11000061,44.06999969,45.34999847,45.25120163
2022-02-25,MOS,46.04000092,49.56999969,45.36000061,49.52999878,49.42209625
2022-02-28,MOS,49.29000092,52.65000153,49.09999847,52.43000031,52.31578064
2022-03-01,MOS,52.65000153,54.16999817,50.81999969,51.86999893,51.75699615
2022-03-02,MOS,52.5,55.06999969,52.36999893,53.75999832,53.75999832
2022-03-03,MOS,54.63999939,57.27000046,54.40000153,55.65999985,55.65999985
2022-03-04,MOS,56.29000092,59.95000076,56.04000092,59.83000183,59.83000183
2022-03-07,MOS,59.61999893,64.70999908,58.79000092,61.13999939,61.13999939
2022-03-08,MOS,60.27000046,62.68000031,56.74000168,58.18999863,58.18999863
2022-03-09,MOS,55.31999969,57.95000076,52.90000153,57.72000122,57.72000122
2022-03-10,MOS,58.95999908,62.72000122,58.27000046,62.18999863,62.18999863
2022-03-11,MOS,60.52000046,63.43999863,60.20999908,61.91999817,61.91999817
2022-03-14,MOS,60.68000031,61.38000107,56.54999924,58.09999847,58.09999847
2022-03-15,MOS,57.52000046,58.58000183,55.04999924,58.43000031,58.43000031
2022-03-16,MOS,58.41999817,59.27000046,55.65999985,57.56999969,57.56999969
2022-03-17,MOS,58.95000076,61.13999939,58.34999847,61.09999847,61.09999847
2022-03-18,MOS,60.91999817,62.38999939,60.59999847,62.08000183,62.08000183
2022-03-21,MOS,64.18000031,67.75,64.15000153,67.19999695,67.19999695
2022-03-22,MOS,66.80000305,67.23000336,64.23000336,65.68000031,65.68000031
2022-03-23,MOS,67,69.65000153,66.52999878,67.93000031,67.93000031
2022-03-24,MOS,68.19000244,71.37999725,67.83000183,68.56999969,68.56999969
2022-03-25,MOS,68.80999756,71.5,68.65000153,71.33999634,71.33999634
2022-03-28,MOS,69.45999908,70,65.55999756,67.97000122,67.97000122
2022-03-29,MOS,62.54000092,65.09999847,58.95000076,64.44999695,64.44999695
2022-03-30,MOS,66.15000153,67.65000153,65.04000092,65.51999664,65.51999664
2022-03-31,MOS,65.87999725,68.31999969,65.48999786,66.5,66.5
2022-01-03,NTR,75.72000122,76.48000336,75.09600067,76.12000275,75.7594223
2022-01-04,NTR,75.83999634,76.72000122,71,71.76999664,71.43002319
2022-01-05,NTR,71.97000122,72.48000336,69.91000366,69.94000244,69.60869598
2022-01-06,NTR,69.90000153,70.3239975,68.44000244,69.25,68.92195892
2022-01-07,NTR,69.20999908,70.12999725,69.02999878,69.12999725,68.80252838
2022-01-10,NTR,68.86000061,69,67.23000336,68.59999847,68.27503967
2022-01-11,NTR,68.87000275,70.05999756,67.94000244,70.01000214,69.67835999
2022-01-12,NTR,71.19999695,72.65000153,71.09999847,72.30000305,71.95751953
2022-01-13,NTR,72.72000122,73,70.86000061,71.02999878,70.69352722
2022-01-14,NTR,71,72.66999817,70.86000061,71.98000336,71.63903046
2022-01-18,NTR,72.29599762,74.55999756,71.83000183,74.19000244,73.83856201
2022-01-19,NTR,74.65000153,74.91000366,73.33000183,73.81999969,73.47031403
2022-01-20,NTR,74.22000122,74.22000122,71.98000336,71.98999786,71.64897919
2022-01-21,NTR,71.40000153,71.66000366,70.26000214,70.81999969,70.48452759
2022-01-24,NTR,69.11000061,70.80000305,67.41000366,69.62999725,69.30015564
2022-01-25,NTR,68.95999908,69.80999756,67.43000031,69.66000366,69.33002472
2022-01-26,NTR,71.05999756,71.75,69.38999939,70.02999878,69.69826508
2022-01-27,NTR,70.95500183,71.55000305,68.87999725,69.30000305,68.97172546
2022-01-28,NTR,69.26000214,69.37000275,67.87000275,68.58000183,68.25513458
2022-01-31,NTR,68.43000031,69.91999817,67.84999847,69.80000305,69.46936035
2022-02-01,NTR,70.62000275,73.18000031,70.41999817,73.11000061,72.7636795
2022-02-02,NTR,73.13999939,74.05000305,72.51000214,73.80999756,73.46035767
2022-02-03,NTR,73.37000275,73.37999725,71.90000153,72.08000183,71.73855591
2022-02-04,NTR,71.63999939,73.06999969,71.55000305,72.41000366,72.06699371
2022-02-07,NTR,72.48000336,72.93000031,71.41000366,72.59999847,72.25608826
2022-02-08,NTR,72.69999695,74.48999786,72.30000305,74.30000305,73.94804382
2022-02-09,NTR,75.12000275,75.94000244,74.76000214,75.16999817,74.81391907
2022-02-10,NTR,74.73000336,77.91999817,74.43599701,75.84999847,75.49069214
2022-02-11,NTR,75.88999939,76.69000244,75.19999695,76.27999878,75.9186554
2022-02-14,NTR,76.04000092,76.26000214,72.32700348,73.38999939,73.04235077
2022-02-15,NTR,73.23000336,74.62999725,70.55000305,74.41000366,74.05752563
2022-02-16,NTR,74.19000244,75.45999908,73.68499756,75.05999756,74.70443726
2022-02-17,NTR,77.47000122,78.76000214,76.30999756,77.16999817,76.80444336
2022-02-18,NTR,77.69000244,77.79000092,75.09999847,75.77999878,75.42102814
2022-02-22,NTR,76.33999634,77.01999664,74.75,75.73999786,75.38121796
2022-02-23,NTR,76.25,76.43000031,74.91000366,75.11000061,74.7542038
2022-02-24,NTR,74.76999664,77.66999817,74.5,77.48000336,77.11297607
2022-02-25,NTR,78.05000305,81.27999878,76.83999634,81.22000122,80.83525848
2022-02-28,NTR,81.51000214,86.12000275,81.05999756,85.98999786,85.58266449
2022-03-01,NTR,85.95999908,88.41000366,84.13999939,84.93000031,84.52768707
2022-03-02,NTR,86.37000275,89.83999634,86.02999878,88,87.58314514
2022-03-03,NTR,89,90.9489975,87.69999695,89.68000031,89.25518799
2022-03-04,NTR,89.43000031,95.06999969,89.19000244,94.98999786,94.54003143
2022-03-07,NTR,96.22000122,101.6299973,96.01000214,99.38999939,98.91918945
2022-03-08,NTR,97.30000305,99.36000061,94.12000275,94.80999756,94.36087799
2022-03-09,NTR,90.76000214,95.08000183,88.91000366,95.02999878,94.57984161
2022-03-10,NTR,97.48000336,102.1100006,96.76000214,101.9000015,101.4172974
2022-03-11,NTR,98.48999786,102.25,98.44999695,101.4000015,100.9196701
2022-03-14,NTR,99.65000153,100.2200012,95.78800201,99.05999756,98.59075165
2022-03-15,NTR,95.65000153,98.31999969,94.48999786,97.43000031,96.96847534
2022-03-16,NTR,98.26999664,99.51999664,92.77999878,93.81999969,93.3755722
2022-03-17,NTR,95.34999847,98.625,95.16000366,98.23999786,97.77463531
2022-03-18,NTR,98.23999786,100.4400024,97.83000183,99.65000153,99.17795563
2022-03-21,NTR,101.5699997,105.4700012,101.0690002,105.2200012,104.7215729
2022-03-22,NTR,105.5199966,105.7399979,103.1299973,104.5599976,104.0646973
2022-03-23,NTR,105.5999985,107.8399963,104,105.5,105.0002441
2022-03-24,NTR,105.8000031,108.3389969,105.0400009,106.8399963,106.3338928
2022-03-25,NTR,107,108.8399963,106.7750015,108.4300003,107.9163666
2022-03-28,NTR,106.3199997,107.0599976,104.25,106.6900024,106.1846085
2022-03-29,NTR,100.2600021,102.4899979,95.87000275,101.3300018,100.8499985
2022-03-30,NTR,102.9199982,104.7399979,101.25,102.0599976,102.0599976
2022-03-31,NTR,102.8499985,105.5,102.0199966,103.9899979,103.9899979
2022-01-03,GOLD,18.78000069,18.79999924,18.52000046,18.54000092,18.45774651
2022-01-04,GOLD,18.60000038,18.90999985,18.55999947,18.72999954,18.64690208
2022-01-05,GOLD,18.94000053,19.10000038,18.54000092,18.56999969,18.48761368
2022-01-06,GOLD,18.28000069,18.30999947,17.98999977,18.02000046,17.94005394
2022-01-07,GOLD,18.09000015,18.21999931,17.93000031,18.10000038,18.0196991
2022-01-10,GOLD,18.05999947,18.62999916,18.04000092,18.62000084,18.53739166
2022-01-11,GOLD,18.67000008,18.87999916,18.51000023,18.86000061,18.77632713
2022-01-12,GOLD,18.92000008,19.23999977,18.78000069,19.20000076,19.11481857
2022-01-13,GOLD,19.13999939,19.29000092,18.81999969,18.82999992,18.74645996
2022-01-14,GOLD,18.86000061,18.90999985,18.52000046,18.68000031,18.59712601
2022-01-18,GOLD,18.55999947,18.85000038,18.46999931,18.55999947,18.47765732
2022-01-19,GOLD,18.80999947,20.23999977,18.76000023,20.17000008,20.08051491
2022-01-20,GOLD,20.13999939,20.29999924,19.88999939,19.90999985,19.82166862
2022-01-21,GOLD,20.01000023,20.05999947,19.26000023,19.34000015,19.25419807
2022-01-24,GOLD,19.23999977,19.40999985,18.80999947,19.37000084,19.28406525
2022-01-25,GOLD,19.20999908,19.59000015,19.13999939,19.48999977,19.40353203
2022-01-26,GOLD,19.36000061,19.71999931,18.92000008,19.03000069,18.94557381
2022-01-27,GOLD,18.75,19.14999962,18.65999985,18.70999908,18.62699127
2022-01-28,GOLD,18.51000023,18.59000015,18.26000023,18.55999947,18.47765732
2022-01-31,GOLD,18.71999931,19.18000031,18.56999969,19.14999962,19.06504059
2022-02-01,GOLD,19.14999962,19.29000092,18.87999916,19.09000015,19.00530624
2022-02-02,GOLD,19.04999924,19.5,18.87999916,19.21999931,19.13472939
2022-02-03,GOLD,19.17000008,19.29999924,18.80999947,19.05999947,18.97543907
2022-02-04,GOLD,18.98999977,19.39999962,18.95000076,19.19000053,19.10486221
2022-02-07,GOLD,19.34000015,19.65999985,19.20000076,19.57999992,19.49313164
2022-02-08,GOLD,19.62000084,19.81999969,19.54000092,19.81999969,19.73206711
2022-02-09,GOLD,19.88999939,19.97999954,19.70000076,19.72999954,19.64246559
2022-02-10,GOLD,19.65999985,19.87999916,19.23999977,19.29999924,19.21437454
2022-02-11,GOLD,19.35000038,20.87000084,19.29000092,20.68000031,20.58825302
2022-02-14,GOLD,20.72999954,21.20000076,20.70999908,21.09000015,20.99643326
2022-02-15,GOLD,20.48999977,20.73999977,20.29000092,20.68000031,20.58825302
2022-02-16,GOLD,21.13999939,22.45000076,21.12999916,22.22999954,22.13137436
2022-02-17,GOLD,22.54000092,23.46999931,22.40999985,23.22999954,23.12693787
2022-02-18,GOLD,23.01000023,23.35000038,22.93000031,23.13999939,23.03733826
2022-02-22,GOLD,23.15999985,23.44000053,22.55999947,22.76000023,22.65902519
2022-02-23,GOLD,22.70000076,23.18000031,22.70000076,22.82999992,22.72871399
2022-02-24,GOLD,23.45000076,23.59000015,22.09000015,22.54000092,22.44000053
2022-02-25,GOLD,22.15999985,22.62000084,22.01000023,22.55999947,22.55999947
2022-02-28,GOLD,22.87999916,22.90999985,22.32999992,22.56999969,22.56999969
2022-03-01,GOLD,22.75,23.5,22.72999954,23.45999908,23.45999908
2022-03-02,GOLD,22.82999992,23.36000061,22.65999985,23.14999962,23.14999962
2022-03-03,GOLD,23.12000084,23.70000076,23.12000084,23.56999969,23.56999969
2022-03-04,GOLD,23.71999931,24.47999954,23.56999969,24.20000076,24.20000076
2022-03-07,GOLD,24.37000084,24.97999954,23.94000053,24.86000061,24.86000061
2022-03-08,GOLD,25.09000015,26.06999969,24.47999954,25.36000061,25.36000061
2022-03-09,GOLD,23.71999931,24.62999916,23.39999962,24.32999992,24.32999992
2022-03-10,GOLD,24.42000008,25.02000046,24.27000046,24.48999977,24.48999977
2022-03-11,GOLD,23.71999931,24.56999969,23.47999954,24.35000038,24.35000038
2022-03-14,GOLD,23.75,24.01000023,23.37999916,23.63999939,23.63999939
2022-03-15,GOLD,22.80999947,24.04000092,22.80999947,23.77000046,23.77000046
2022-03-16,GOLD,23.57999992,23.94000053,23.20000076,23.61000061,23.61000061
2022-03-17,GOLD,23.89999962,24.54000092,23.86000061,24.07999992,24.07999992
2022-03-18,GOLD,24.10000038,24.14999962,23.72999954,23.87000084,23.87000084
2022-03-21,GOLD,23.89999962,24.60000038,23.87999916,24.29999924,24.29999924
2022-03-22,GOLD,24.27000046,24.38999939,23.84000015,24.22999954,24.22999954
2022-03-23,GOLD,24.39999962,24.59000015,24.15999985,24.56999969,24.56999969
2022-03-24,GOLD,24.75,24.95999908,24.40999985,24.5,24.5
2022-03-25,GOLD,24.29000092,24.62999916,24.18000031,24.54000092,24.54000092
2022-03-28,GOLD,24.11000061,24.31999969,23.94000053,24.22999954,24.22999954
2022-03-29,GOLD,23.73999977,24.56999969,23.61000061,24.53000069,24.53000069
2022-03-30,GOLD,24.64999962,24.94000053,24.64999962,24.85000038,24.85000038
2022-03-31,GOLD,24.85000038,25.12999916,24.53000069,24.53000069,24.53000069
2022-01-03,MON,9.760000229,9.770000458,9.729999542,9.75,9.75
2022-01-04,MON,9.75,9.75,9.75,9.75,9.75
2022-01-05,MON,9.729999542,9.75,9.729999542,9.75,9.75
2022-01-06,MON,9.739999771,9.760000229,9.739999771,9.760000229,9.760000229
2022-01-07,MON,9.739999771,9.75,9.739999771,9.75,9.75
2022-01-10,MON,9.739999771,9.744999886,9.739999771,9.739999771,9.739999771
2022-01-11,MON,9.739999771,9.739999771,9.739999771,9.739999771,9.739999771
2022-01-12,MON,9.739999771,9.739999771,9.739999771,9.739999771,9.739999771
2022-01-13,MON,9.75,9.75,9.75,9.75,9.75
2022-01-14,MON,9.729999542,9.739999771,9.729999542,9.739999771,9.739999771
2022-01-18,MON,9.760000229,9.760000229,9.729999542,9.739999771,9.739999771
2022-01-19,MON,9.739999771,9.739999771,9.739999771,9.739999771,9.739999771
2022-01-20,MON,9.710000038,9.720000267,9.710000038,9.720000267,9.720000267
2022-01-21,MON,9.739999771,9.739999771,9.734999657,9.734999657,9.734999657
2022-01-24,MON,9.729999542,9.729999542,9.729999542,9.729999542,9.729999542
2022-01-25,MON,9.729999542,9.729999542,9.699999809,9.710000038,9.710000038
2022-01-26,MON,9.770000458,9.770000458,9.720000267,9.729999542,9.729999542
2022-01-27,MON,9.739999771,9.75,9.710000038,9.710000038,9.710000038
2022-01-28,MON,9.710000038,9.710000038,9.710000038,9.710000038,9.710000038
2022-01-31,MON,9.770000458,9.770000458,9.770000458,9.770000458,9.770000458
2022-02-01,MON,9.779999733,9.800000191,9.729999542,9.770000458,9.770000458
2022-02-02,MON,9.739999771,9.739999771,9.739999771,9.739999771,9.739999771
2022-02-03,MON,9.730999947,9.730999947,9.729999542,9.729999542,9.729999542
2022-02-04,MON,9.729999542,9.729999542,9.729999542,9.729999542,9.729999542
2022-02-07,MON,9.779999733,9.779999733,9.770000458,9.779999733,9.779999733
2022-02-08,MON,9.739999771,9.739999771,9.739999771,9.739999771,9.739999771
2022-02-09,MON,9.739999771,9.739999771,9.739999771,9.739999771,9.739999771
2022-02-10,MON,9.760000229,9.760000229,9.760000229,9.760000229,9.760000229
2022-02-11,MON,9.760000229,9.760000229,9.75,9.75,9.75
2022-02-14,MON,9.75,9.765000343,9.75,9.75,9.75
2022-02-15,MON,9.75,9.75,9.75,9.75,9.75
2022-02-16,MON,9.75,9.75,9.75,9.75,9.75
2022-02-17,MON,9.779999733,9.779999733,9.779999733,9.779999733,9.779999733
2022-02-18,MON,9.770000458,9.770000458,9.770000458,9.770000458,9.770000458
2022-02-22,MON,9.760000229,9.760000229,9.760000229,9.760000229,9.760000229
2022-02-23,MON,9.75,9.75,9.75,9.75,9.75
2022-02-24,MON,9.760000229,9.779999733,9.760000229,9.779999733,9.779999733
2022-02-25,MON,9.779999733,9.779999733,9.779999733,9.779999733,9.779999733
2022-02-28,MON,9.760000229,9.770000458,9.760000229,9.770000458,9.770000458
2022-03-01,MON,9.770000458,9.770000458,9.760000229,9.760000229,9.760000229
2022-03-02,MON,9.760000229,9.760000229,9.75,9.75,9.75
2022-03-03,MON,9.75,9.760000229,9.75,9.75,9.75
2022-03-04,MON,9.760000229,9.760000229,9.760000229,9.760000229,9.760000229
2022-03-07,MON,9.760000229,9.760000229,9.760000229,9.760000229,9.760000229
2022-03-08,MON,9.760000229,9.760000229,9.760000229,9.760000229,9.760000229
2022-03-09,MON,9.765000343,9.765000343,9.760000229,9.760000229,9.760000229
2022-03-10,MON,9.760000229,9.779999733,9.760000229,9.779999733,9.779999733
2022-03-11,MON,9.819999695,9.819999695,9.819999695,9.819999695,9.819999695
2022-03-14,MON,9.819999695,9.819999695,9.819999695,9.819999695,9.819999695
2022-03-15,MON,9.819999695,9.819999695,9.819999695,9.819999695,9.819999695
2022-03-16,MON,9.760000229,9.779999733,9.760000229,9.779999733,9.779999733
2022-03-17,MON,9.760000229,9.760000229,9.760000229,9.760000229,9.760000229
2022-03-18,MON,9.659999847,9.789999962,9.659999847,9.788000107,9.788000107
2022-03-21,MON,9.760000229,9.770000458,9.760000229,9.760000229,9.760000229
2022-03-22,MON,9.760000229,9.760000229,9.760000229,9.760000229,9.760000229
2022-03-23,MON,9.770000458,9.779999733,9.770000458,9.776000023,9.776000023
2022-03-24,MON,9.760000229,9.760000229,9.760000229,9.760000229,9.760000229
2022-03-25,MON,9.760000229,9.760000229,9.760000229,9.760000229,9.760000229
2022-03-28,MON,9.789999962,9.789999962,9.770000458,9.770000458,9.770000458
2022-03-29,MON,9.770000458,9.770000458,9.770000458,9.770000458,9.770000458
2022-03-30,MON,9.789999962,9.789999962,9.779999733,9.779999733,9.779999733
2022-03-31,MON,9.779999733,9.800000191,9.779999733,9.789999962,9.789999962
2022-01-03,MOS,39.5,40.54999924,39.5,40.18999863,40.1024437
2022-01-04,MOS,40.65000153,40.97000122,40.11999893,40.5,40.41176987
2022-01-05,MOS,40.86000061,41.15000153,38.97000122,39,38.91503525
2022-01-06,MOS,39.47999954,39.90000153,38.00999832,39.40999985,39.32414246
2022-01-07,MOS,39.49000168,40.31999969,39.43000031,40.18000031,40.09246445
2022-01-10,MOS,39.95999908,40.68000031,39.43999863,40.04000092,39.95277023
2022-01-11,MOS,40.15999985,40.56999969,39.16999817,40.36000061,40.27207565
2022-01-12,MOS,40.95999908,42.61000061,40.95000076,41.90999985,41.81869507
2022-01-13,MOS,42,42.90999985,41.5,41.61000061,41.51935196
2022-01-14,MOS,42.84999847,43.84000015,41.95000076,43.22999954,43.1358223
2022-01-18,MOS,42.90000153,44.06000137,42.38999939,43.61000061,43.51499557
2022-01-19,MOS,43.27000046,43.88999939,41.63999939,41.93999863,41.848629
2022-01-20,MOS,41.99000168,42.24000168,40.47000122,40.52999878,40.4417038
2022-01-21,MOS,40.06000137,40.36999893,39.09000015,39.31000137,39.22436142
2022-01-24,MOS,38.31000137,39.27999878,37.08000183,39.11000061,39.02479935
2022-01-25,MOS,38.56000137,40.56999969,37.63000107,40.43000031,40.34192276
2022-01-26,MOS,40.81999969,41.79000092,39.25999832,39.86999893,39.78313828
2022-01-27,MOS,40.25999832,41.06999969,38.97000122,39.49000168,39.40397263
2022-01-28,MOS,39.38999939,40.08000183,38.58000183,39.77000046,39.68336105
2022-01-31,MOS,39.5,40.02999878,38.70000076,39.95000076,39.86296844
2022-02-01,MOS,40.25,43.70000076,40.13000107,43.59000015,43.49503708
2022-02-02,MOS,43.25,44.49000168,42.25,44.16999817,44.07377243
2022-02-03,MOS,43.27999878,43.93999863,42.34000015,42.93999863,42.84645081
2022-02-04,MOS,42.81000137,44.45999908,42.61000061,43.83000183,43.73451614
2022-02-07,MOS,44.11000061,44.81999969,43.15000153,44.45999908,44.36314011
2022-02-08,MOS,44.70999908,45.11000061,43.52999878,44.93000031,44.83211899
2022-02-09,MOS,45.54999924,45.74000168,44.72999954,44.77000046,44.67246628
2022-02-10,MOS,44.15999985,47.54999924,44.11000061,45.91999817,45.81995773
2022-02-11,MOS,45.81000137,47.25999832,45.38000107,46.86999893,46.76789093
2022-02-14,MOS,46.52000046,46.61000061,43.91999817,44.61999893,44.52279282
2022-02-15,MOS,44.56999969,45.83000183,42.90999985,45.58000183,45.48070526
2022-02-16,MOS,45.63000107,46.54999924,45.45000076,46.29000092,46.18915558
2022-02-17,MOS,46.40999985,47.09999847,45.77999878,46.02000046,45.91974258
2022-02-18,MOS,45.70000076,46,44.61999893,45,44.90196609
2022-02-22,MOS,45.70999908,45.84000015,43.58000183,44.18999863,44.09372711
2022-02-23,MOS,42.79000092,45.79999924,42.34999847,45.20000076,45.10153198
2022-02-24,MOS,44.13000107,48.11000061,44.06999969,45.34999847,45.25120163
2022-02-25,MOS,46.04000092,49.56999969,45.36000061,49.52999878,49.42209625
2022-02-28,MOS,49.29000092,52.65000153,49.09999847,52.43000031,52.31578064
2022-03-01,MOS,52.65000153,54.16999817,50.81999969,51.86999893,51.75699615
2022-03-02,MOS,52.5,55.06999969,52.36999893,53.75999832,53.75999832
2022-03-03,MOS,54.63999939,57.27000046,54.40000153,55.65999985,55.65999985
2022-03-04,MOS,56.29000092,59.95000076,56.04000092,59.83000183,59.83000183
2022-03-07,MOS,59.61999893,64.70999908,58.79000092,61.13999939,61.13999939
2022-03-08,MOS,60.27000046,62.68000031,56.74000168,58.18999863,58.18999863
2022-03-09,MOS,55.31999969,57.95000076,52.90000153,57.72000122,57.72000122
2022-03-10,MOS,58.95999908,62.72000122,58.27000046,62.18999863,62.18999863
2022-03-11,MOS,60.52000046,63.43999863,60.20999908,61.91999817,61.91999817
2022-03-14,MOS,60.68000031,61.38000107,56.54999924,58.09999847,58.09999847
2022-03-15,MOS,57.52000046,58.58000183,55.04999924,58.43000031,58.43000031
2022-03-16,MOS,58.41999817,59.27000046,55.65999985,57.56999969,57.56999969
2022-03-17,MOS,58.95000076,61.13999939,58.34999847,61.09999847,61.09999847
2022-03-18,MOS,60.91999817,62.38999939,60.59999847,62.08000183,62.08000183
2022-03-21,MOS,64.18000031,67.75,64.15000153,67.19999695,67.19999695
2022-03-22,MOS,66.80000305,67.23000336,64.23000336,65.68000031,65.68000031
2022-03-23,MOS,67,69.65000153,66.52999878,67.93000031,67.93000031
2022-03-24,MOS,68.19000244,71.37999725,67.83000183,68.56999969,68.56999969
2022-03-25,MOS,68.80999756,71.5,68.65000153,71.33999634,71.33999634
2022-03-28,MOS,69.45999908,70,65.55999756,67.97000122,67.97000122
2022-03-29,MOS,62.54000092,65.09999847,58.95000076,64.44999695,64.44999695
2022-03-30,MOS,66.15000153,67.65000153,65.04000092,65.51999664,65.51999664
2022-03-31,MOS,65.87999725,68.31999969,65.48999786,66.5,66.5
